{
    "general": {},
    "specific": {
        "oscillation": {
            "posr": [
                0.1,
                1.0,
                0.18500000000000003,
                0.19,
                "(1->Spring) |- posr[1]"
            ],
            "t": [
                0.1,
                1.0,
                0,
                0.0,
                "(1->Clock) |- t[1]"
            ],
            "posx": [
                0.1,
                1.0,
                0.05,
                0.09000000000000001,
                "(1->MassPoint) |- posx[1]"
            ],
            "posl": [
                0.1,
                1.0,
                0.1,
                0.08100000000000002,
                "(1->Spring) |- posl[1]"
            ],
            "C_01": [
                0.1,
                1.0,
                0,
                0.0,
                null
            ],
            "C_02": [
                0.1,
                1.0,
                0.14,
                0.19,
                null
            ],
            "C_03": [
                0.1,
                1.0,
                0,
                0.0,
                null
            ],
            "C_04": [
                0.1,
                1.0,
                0,
                0.0,
                null
            ],
            "C_05": [
                0.1,
                1.0,
                0,
                0.0,
                null
            ],
            "C_06": [
                0.1,
                1.0,
                0,
                0.0,
                null
            ],
            "C_08": [
                0.1,
                1.0,
                0,
                0.0,
                null
            ],
            "C_09": [
                0.1,
                1.0,
                0,
                0.0,
                null
            ],
            "C_10": [
                0.1,
                1.0,
                0,
                0.0,
                null
            ],
            "C_11": [
                0.1,
                1.0,
                0,
                0.0,
                null
            ]
        },
        "motion0": {
            "t": [
                0.1,
                1.0,
                0.05,
                0.09000000000000001,
                "(1->Clock) |- t[1]"
            ],
            "posx": [
                0.1,
                1.0,
                0.05,
                0.09000000000000001,
                "(1->MassPoint) |- posx[1]"
            ],
            "C_01": [
                0.1,
                1.0,
                0,
                0.0,
                null
            ],
            "C_02": [
                0.1,
                1.0,
                0,
                0,
                null
            ],
            "C_03": [
                0.1,
                1.0,
                0,
                0,
                null
            ],
            "C_04": [
                0.1,
                1.0,
                0,
                0,
                null
            ],
            "C_05": [
                0.1,
                1.0,
                0,
                0,
                null
            ],
            "C_06": [
                0.1,
                1.0,
                0,
                0,
                null
            ],
            "C_08": [
                0.1,
                1.0,
                0,
                0,
                null
            ],
            "C_09": [
                0.1,
                1.0,
                0,
                0,
                null
            ],
            "C_10": [
                0.1,
                1.0,
                0,
                0,
                null
            ],
            "C_11": [
                0.1,
                1.0,
                0,
                0,
                null
            ]
        },
        "stringmotion0": {
            "posr": [
                0.1,
                1.0,
                0.14500000000000002,
                0.19,
                "(1->Spring) |- posr[1]"
            ],
            "t": [
                0.1,
                1.0,
                0.1,
                0.09000000000000001,
                "(1->Clock) |- t[1]"
            ],
            "posl": [
                0.1,
                1.0,
                0.14500000000000002,
                0.19,
                "(1->Spring) |- posl[1]"
            ],
            "C_01": [
                0.1,
                1.0,
                0,
                0.0,
                null
            ],
            "C_02": [
                0.1,
                1.0,
                0,
                0.0,
                null
            ],
            "C_03": [
                0.1,
                1.0,
                0,
                0.0,
                null
            ],
            "C_04": [
                0.1,
                1.0,
                0,
                0.0,
                null
            ],
            "C_05": [
                0.1,
                1.0,
                0,
                0.0,
                null
            ],
            "C_06": [
                0.1,
                1.0,
                0,
                0.0,
                null
            ],
            "C_08": [
                0.1,
                1.0,
                0,
                0,
                null
            ],
            "C_09": [
                0.1,
                1.0,
                0,
                0,
                null
            ],
            "C_10": [
                0.1,
                1.0,
                0,
                0,
                null
            ],
            "C_11": [
                0.1,
                1.0,
                0,
                0,
                null
            ]
        },
        "collision": {
            "t": [
                0.1,
                1.0,
                0.1,
                0.09000000000000001,
                "(1->Clock) |- t[1]"
            ],
            "posx": [
                0.1,
                1.0,
                0,
                0.0,
                "(1->MassPoint) |- posx[1]"
            ],
            "C_01": [
                0.1,
                1.0,
                0.1,
                0.09000000000000001,
                null
            ],
            "C_02": [
                0.1,
                1.0,
                0,
                0.0,
                null
            ],
            "C_03": [
                0.1,
                1.0,
                0,
                0.0,
                null
            ],
            "C_04": [
                0.1,
                1.0,
                0,
                0.0,
                null
            ],
            "C_05": [
                0.1,
                1.0,
                0,
                0.0,
                null
            ],
            "C_06": [
                0.1,
                1.0,
                0,
                0.0,
                null
            ],
            "C_08": [
                0.1,
                1.0,
                0,
                0.0,
                null
            ],
            "C_09": [
                0.1,
                1.0,
                0,
                0.0,
                null
            ],
            "C_10": [
                0.1,
                1.0,
                0,
                0.0,
                null
            ],
            "C_11": [
                0.1,
                1.0,
                0,
                0.0,
                null
            ]
        },
        "motion": {
            "t": [
                0.1,
                1.0,
                0.05,
                0.09000000000000001,
                "(1->Clock) |- t[1]"
            ],